{"version":4,"intensity":0,"info":{"face":"OpenSans-Bold","maps":[{"width":1024,"height":512}]},"chars":{"32":{"id":32,"letter":" ","x":1,"y":1,"width":64,"height":64,"map":0,"xadvance":8.3125,"xoffset":31.5,"yoffset":31.5,"scale":1,"range":16},"33":{"id":33,"letter":"!","x":67,"y":1,"width":64,"height":64,"map":0,"xadvance":9.15625,"xoffset":27.4375,"yoffset":20.7890625,"scale":1,"range":16,"bounds":[1.828125,-0.421875,7.296875,22.84375]},"34":{"id":34,"letter":"\"","x":133,"y":1,"width":64,"height":64,"map":0,"xadvance":15.109375,"xoffset":24.4453125,"yoffset":13.28125,"scale":1,"range":16,"bounds":[2.078125,14.59375,13.03125,22.84375]},"35":{"id":35,"letter":"#","x":199,"y":1,"width":64,"height":64,"map":0,"xadvance":20.671875,"xoffset":21.6640625,"yoffset":20.59375,"scale":1,"range":16,"bounds":[0.703125,0,19.96875,22.8125]},"36":{"id":36,"letter":"$","x":265,"y":1,"width":64,"height":64,"map":0,"xadvance":18.265625,"xoffset":22.78125,"yoffset":20.7890625,"scale":1,"range":16,"bounds":[1.375,-1.859375,17.0625,24.28125]},"37":{"id":37,"letter":"%","x":331,"y":1,"width":64,"height":64,"map":0,"xadvance":28.828125,"xoffset":17.5859375,"yoffset":20.5546875,"scale":1,"range":16,"bounds":[0.984375,-0.28125,27.84375,23.171875]},"38":{"id":38,"letter":"&","x":397,"y":1,"width":64,"height":64,"map":0,"xadvance":24,"xoffset":19.359375,"yoffset":20.5703125,"scale":1,"range":16,"bounds":[1.28125,-0.3125,24,23.171875]},"39":{"id":39,"letter":"'","x":463,"y":1,"width":64,"height":64,"map":0,"xadvance":8.515625,"xoffset":27.7421875,"yoffset":13.28125,"scale":1,"range":16,"bounds":[2.078125,14.59375,6.4375,22.84375]},"40":{"id":40,"letter":"(","x":529,"y":1,"width":64,"height":64,"map":0,"xadvance":10.84375,"xoffset":26.4140625,"yoffset":23.109375,"scale":1,"range":16,"bounds":[1.28125,-5.0625,9.890625,22.84375]},"41":{"id":41,"letter":")","x":595,"y":1,"width":64,"height":64,"map":0,"xadvance":10.84375,"xoffset":26.7421875,"yoffset":23.109375,"scale":1,"range":16,"bounds":[0.953125,-5.0625,9.5625,22.84375]},"42":{"id":42,"letter":"*","x":661,"y":1,"width":64,"height":64,"map":0,"xadvance":17.4375,"xoffset":23.28125,"yoffset":15.171875,"scale":1,"range":16,"bounds":[0.984375,9.34375,16.453125,24.3125]},"43":{"id":43,"letter":"+","x":727,"y":1,"width":64,"height":64,"map":0,"xadvance":18.265625,"xoffset":22.8671875,"yoffset":20.6875,"scale":1,"range":16,"bounds":[1.375,3.546875,16.890625,19.078125]},"44":{"id":44,"letter":",","x":793,"y":1,"width":64,"height":64,"map":0,"xadvance":9.28125,"xoffset":27.921875,"yoffset":32.203125,"scale":1,"range":16,"bounds":[0.984375,-4.125,7.171875,3.71875]},"45":{"id":45,"letter":"-","x":859,"y":1,"width":64,"height":64,"map":0,"xadvance":10.296875,"xoffset":26.8515625,"yoffset":23.421875,"scale":1,"range":16,"bounds":[0.953125,6.625,9.34375,10.53125]},"46":{"id":46,"letter":".","x":925,"y":1,"width":64,"height":64,"map":0,"xadvance":9.125,"xoffset":27.4375,"yoffset":29.765625,"scale":1,"range":16,"bounds":[1.828125,-0.421875,7.296875,4.890625]},"47":{"id":47,"letter":"/","x":1,"y":67,"width":64,"height":64,"map":0,"xadvance":13.21875,"xoffset":25.359375,"yoffset":20.578125,"scale":1,"range":16,"bounds":[0.21875,0,13.0625,22.84375]},"48":{"id":48,"letter":"0","x":67,"y":67,"width":64,"height":64,"map":0,"xadvance":18.265625,"xoffset":22.859375,"yoffset":20.5546875,"scale":1,"range":16,"bounds":[1.15625,-0.3125,17.125,23.203125]},"49":{"id":49,"letter":"1","x":133,"y":67,"width":64,"height":64,"map":0,"xadvance":18.265625,"xoffset":24.4453125,"yoffset":20.578125,"scale":1,"range":16,"bounds":[1.890625,0,13.21875,22.84375]},"50":{"id":50,"letter":"2","x":199,"y":67,"width":64,"height":64,"map":0,"xadvance":18.265625,"xoffset":22.765625,"yoffset":20.4140625,"scale":1,"range":16,"bounds":[1.21875,0,17.25,23.171875]},"51":{"id":51,"letter":"3","x":265,"y":67,"width":64,"height":64,"map":0,"xadvance":18.265625,"xoffset":22.875,"yoffset":20.5703125,"scale":1,"range":16,"bounds":[1.21875,-0.3125,17.03125,23.171875]},"52":{"id":52,"letter":"4","x":331,"y":67,"width":64,"height":64,"map":0,"xadvance":18.265625,"xoffset":22.84375,"yoffset":20.578125,"scale":1,"range":16,"bounds":[0.546875,0,17.765625,22.84375]},"53":{"id":53,"letter":"5","x":397,"y":67,"width":64,"height":64,"map":0,"xadvance":18.265625,"xoffset":22.8046875,"yoffset":20.734375,"scale":1,"range":16,"bounds":[1.5625,-0.3125,16.828125,22.84375]},"54":{"id":54,"letter":"6","x":463,"y":67,"width":64,"height":64,"map":0,"xadvance":18.265625,"xoffset":22.8125,"yoffset":20.6015625,"scale":1,"range":16,"bounds":[1.125,-0.3125,17.25,23.109375]},"55":{"id":55,"letter":"7","x":529,"y":67,"width":64,"height":64,"map":0,"xadvance":18.265625,"xoffset":22.9453125,"yoffset":20.59375,"scale":1,"range":16,"bounds":[0.859375,0,17.25,22.8125]},"56":{"id":56,"letter":"8","x":595,"y":67,"width":64,"height":64,"map":0,"xadvance":18.265625,"xoffset":22.859375,"yoffset":20.5859375,"scale":1,"range":16,"bounds":[1.125,-0.3125,17.15625,23.140625]},"57":{"id":57,"letter":"9","x":661,"y":67,"width":64,"height":64,"map":0,"xadvance":18.265625,"xoffset":22.90625,"yoffset":20.6015625,"scale":1,"range":16,"bounds":[1.03125,-0.3125,17.15625,23.109375]},"58":{"id":58,"letter":":","x":727,"y":67,"width":64,"height":64,"map":0,"xadvance":9.125,"xoffset":27.4375,"yoffset":23.3125,"scale":1,"range":16,"bounds":[1.828125,-0.421875,7.296875,17.796875]},"59":{"id":59,"letter":";","x":793,"y":67,"width":64,"height":64,"map":0,"xadvance":9.28125,"xoffset":27.859375,"yoffset":25.1640625,"scale":1,"range":16,"bounds":[0.984375,-4.125,7.296875,17.796875]},"60":{"id":60,"letter":"<","x":859,"y":67,"width":64,"height":64,"map":0,"xadvance":18.265625,"xoffset":22.8671875,"yoffset":20.4140625,"scale":1,"range":16,"bounds":[1.375,3.171875,16.890625,20]},"61":{"id":61,"letter":"=","x":925,"y":67,"width":64,"height":64,"map":0,"xadvance":18.265625,"xoffset":22.8671875,"yoffset":20.734375,"scale":1,"range":16,"bounds":[1.375,6.53125,16.890625,16]},"62":{"id":62,"letter":">","x":1,"y":133,"width":64,"height":64,"map":0,"xadvance":18.265625,"xoffset":22.8671875,"yoffset":20.4140625,"scale":1,"range":16,"bounds":[1.375,3.171875,16.890625,20]},"63":{"id":63,"letter":"?","x":67,"y":133,"width":64,"height":64,"map":0,"xadvance":15.265625,"xoffset":24.703125,"yoffset":20.625,"scale":1,"range":16,"bounds":[0.09375,-0.421875,14.5,23.171875]},"64":{"id":64,"letter":"@","x":133,"y":133,"width":64,"height":64,"map":0,"xadvance":28.703125,"xoffset":17.6484375,"yoffset":21.6328125,"scale":1,"range":16,"bounds":[1.59375,-2.40625,27.109375,23.140625]},"65":{"id":65,"letter":"A","x":199,"y":133,"width":64,"height":64,"map":0,"xadvance":22.078125,"xoffset":20.9609375,"yoffset":20.53125,"scale":1,"range":16,"bounds":[0,0,22.078125,22.9375]},"66":{"id":66,"letter":"B","x":265,"y":133,"width":64,"height":64,"map":0,"xadvance":21.5,"xoffset":20.65625,"yoffset":20.578125,"scale":1,"range":16,"bounds":[2.875,0,19.8125,22.84375]},"67":{"id":67,"letter":"C","x":331,"y":133,"width":64,"height":64,"map":0,"xadvance":20.390625,"xoffset":21.4375,"yoffset":20.5703125,"scale":1,"range":16,"bounds":[1.859375,-0.3125,19.265625,23.171875]},"68":{"id":68,"letter":"D","x":397,"y":133,"width":64,"height":64,"map":0,"xadvance":23.6875,"xoffset":19.6484375,"yoffset":20.578125,"scale":1,"range":16,"bounds":[2.875,0,21.828125,22.84375]},"69":{"id":69,"letter":"E","x":463,"y":133,"width":64,"height":64,"map":0,"xadvance":17.921875,"xoffset":22.546875,"yoffset":20.578125,"scale":1,"range":16,"bounds":[2.875,0,16.03125,22.84375]},"70":{"id":70,"letter":"F","x":529,"y":133,"width":64,"height":64,"map":0,"xadvance":17.5625,"xoffset":22.578125,"yoffset":20.578125,"scale":1,"range":16,"bounds":[2.875,0,15.96875,22.84375]},"71":{"id":71,"letter":"G","x":595,"y":133,"width":64,"height":64,"map":0,"xadvance":23.171875,"xoffset":20.765625,"yoffset":20.5703125,"scale":1,"range":16,"bounds":[1.859375,-0.3125,20.609375,23.171875]},"72":{"id":72,"letter":"H","x":661,"y":133,